scenario,trial,commands,submissions,cancellations,trades,seconds,commands_per_second,orders_per_second,mean_ns,median_ns,p95_ns,p99_ns,checksum
mostly_noncrossing,1,250000,250000,0,12500,0.082479700,3031048.852020558,3031048.852020558,301.616000000,100,300,600,31252500000
mostly_noncrossing,2,250000,250000,0,12500,0.081191400,3079143.850210737,3079143.850210737,296.630800000,100,300,600,31252500000
mostly_noncrossing,3,250000,250000,0,12500,0.080433800,3108146.077892627,3108146.077892627,293.506400000,100,300,600,31252500000
mostly_noncrossing,4,250000,250000,0,12500,0.084246100,2967496.418231823,2967496.418231823,308.062000000,100,300,600,31252500000
mostly_noncrossing,5,250000,250000,0,12500,0.079961300,3126512.450397880,3126512.450397880,291.630400000,100,300,600,31252500000
mostly_noncrossing,6,250000,250000,0,12500,0.082433500,3032747.608678510,3032747.608678510,300.962400000,100,300,600,31252500000
mostly_noncrossing,7,250000,250000,0,12500,0.082300700,3037641.235129227,3037641.235129227,298.698000000,100,300,600,31252500000
frequent_crossing,1,250000,250000,0,125000,0.101167700,2471144.446300549,2471144.446300549,376.870000000,300,400,600,31251375000
frequent_crossing,2,250000,250000,0,125000,0.100353100,2491203.560228832,2491203.560228832,371.900000000,300,400,600,31251375000
frequent_crossing,3,250000,250000,0,125000,0.105282400,2374565.929348115,2374565.929348115,392.970400000,300,400,700,31251375000
frequent_crossing,4,250000,250000,0,125000,0.102744200,2433227.374391937,2433227.374391937,383.262400000,300,400,600,31251375000
frequent_crossing,5,250000,250000,0,125000,0.099810500,2504746.494607281,2504746.494607281,370.967200000,300,400,600,31251375000
frequent_crossing,6,250000,250000,0,125000,0.099883000,2502928.426258723,2502928.426258723,372.012800000,300,400,600,31251375000
frequent_crossing,7,250000,250000,0,125000,0.099917200,2502071.715380335,2502071.715380335,371.881600000,300,400,600,31251375000
same_price,1,250000,250000,0,0,0.070460600,3548082.190614329,3548082.190614329,254.966000000,100,200,200,31250375000
same_price,2,250000,250000,0,0,0.074565500,3352756.972058123,3352756.972058123,270.993200000,100,200,200,31250375000
same_price,3,250000,250000,0,0,0.070250000,3558718.861209964,3558718.861209964,255.150000000,100,200,300,31250375000
same_price,4,250000,250000,0,0,0.072172700,3463913.640476246,3463913.640476246,260.282800000,100,200,200,31250375000
same_price,5,250000,250000,0,0,0.070291100,3556638.038101552,3556638.038101552,254.149200000,100,200,300,31250375000
same_price,6,250000,250000,0,0,0.074399500,3360237.636005619,3360237.636005619,270.649600000,100,200,200,31250375000
same_price,7,250000,250000,0,0,0.072382600,3453868.747461406,3453868.747461406,262.124000000,100,200,200,31250375000
many_levels,1,250000,250000,0,0,0.095103800,2628706.739373190,2628706.739373190,353.232800000,200,300,500,31250375000
many_levels,2,250000,250000,0,0,0.098072900,2549124.171917012,2549124.171917012,364.429200000,200,300,400,31250375000
many_levels,3,250000,250000,0,0,0.094706500,2639734.337136311,2639734.337136311,350.942400000,200,200,300,31250375000
many_levels,4,250000,250000,0,0,0.093467800,2674717.924247709,2674717.924247709,346.770800000,200,200,400,31250375000
many_levels,5,250000,250000,0,0,0.095673900,2613042.846586164,2613042.846586164,355.628800000,200,200,400,31250375000
many_levels,6,250000,250000,0,0,0.098424400,2540020.564006486,2540020.564006486,364.904000000,200,200,400,31250375000
many_levels,7,250000,250000,0,0,0.096825600,2581961.795227708,2581961.795227708,359.970800000,200,300,400,31250375000
heavy_cancellation,1,250000,62500,187500,0,0.032779000,7626834.253637999,1906708.563409500,102.543600000,100,200,300,35156437500
heavy_cancellation,2,250000,62500,187500,0,0.030312200,8247504.305197247,2061876.076299312,94.738400000,100,200,300,35156437500
heavy_cancellation,3,250000,62500,187500,0,0.030970100,8072301.994504376,2018075.498626094,96.798000000,100,200,300,35156437500
heavy_cancellation,4,250000,62500,187500,0,0.031840200,7851709.474186720,1962927.368546680,100.275200000,100,200,300,35156437500
heavy_cancellation,5,250000,62500,187500,0,0.033196700,7530869.032162835,1882717.258040709,104.988800000,100,200,300,35156437500
heavy_cancellation,6,250000,62500,187500,0,0.032285800,7743342.274312546,1935835.568578136,102.227600000,100,200,300,35156437500
heavy_cancellation,7,250000,62500,187500,0,0.031638300,7901815.204988889,1975453.801247222,100.407600000,100,200,400,35156437500
